[
        {
          "estaci": "B16",
          "denominaci": "Còrsega",
          "operador": "TuV-RHEINLAND",
          "adre_a": "c. Còrsega, 384-392",
          "cp": 8037,
          "municipi": "Barcelona",
          "codi_municipi": 80193,
          "lat": 41399458,
          "long": 2163486,
          "geocoded_column": "POINT (2163486 41399458)",
          "localitzador_a_google_maps": "",
          "serveis_territorials": "Barcelona",
          "horari_de_servei": "De dilluns a divendres de 7h a 21h",
          "correu_electr_nic": "b16@certio.com",
          "web": ""
        },
        {
          "estaci": "B02",
          "denominaci": "Badalona",
          "operador": "APPLUS ITV",
          "adre_a": "Carrer INDÚSTRIA 427-449",
          "cp": 8918,
          "municipi": "Badalona",
          "codi_municipi": 80155,
          "tel_atenc_public": 902930200,
          "lat": 41435358,
          "long": 2237464,
          "geocoded_column": "POINT (2237464 41435358)",
          "localitzador_a_google_maps": "",
          "serveis_territorials": "Barcelona",
          "horari_de_servei": "De dilluns a divendres de 7 a 21h i dissabtes de 8 a 14h. (Els dies: De 14 a 17 abril. 2 maig. 23 juny. Del 4 agost al 12 setembre. 31 octubre. 22, 23, 29 i 30 desembre. : Oberta de 7 a 14h.)",
          "correu_electr_nic": "www.applusiteuve.com",
          "web": ""
        },
        {
          "estaci": "B07",
          "denominaci": "Viladecans",
          "operador": "APPLUS ITV",
          "adre_a": "c. Jocelyn Bell, 16",
          "cp": 8440,
          "municipi": "Viladecans",
          "codi_municipi": 83015,
          "tel_atenc_public": 902930200,
          "lat": 413028,
          "long": 2019474,
          "geocoded_column": "POINT (2019474 413028)",
          "localitzador_a_google_maps": "",
          "serveis_territorials": "Barcelona",
          "horari_de_servei": "De dilluns a dijous de 7 a 22h, divendres de 7 a 21h i dissabtes de 9 a 14h. (Els dies:De 14 a 17 abril. 2 maig. 23 juny. Del 4 agost al 12 setemb. 31 octub. 22,23, 29 i 30 desemb.: Oberta de 7 a 14h)",
          "correu_electr_nic": "www.applusiteuve.com",
          "web": ""
        },
        {
          "estaci": "B12",
          "denominaci": "Igualada",
          "operador": "APPLUS ITV",
          "adre_a": "Carrer PAÏSOS BAIXOS - POL. IND. LES COMES 18",
          "cp": 8700,
          "municipi": "Igualada",
          "codi_municipi": 81022,
          "tel_atenc_public": 902930200,
          "lat": 41591438,
          "long": 1635399,
          "geocoded_column": "POINT (1635399 41591438)",
          "localitzador_a_google_maps": "",
          "serveis_territorials": "Barcelona",
          "horari_de_servei": "De dilluns a divendres de 7 a 21h i dissabtes de 8 a 14h. (Els dies: De 14 a 17 abril. 2 maig. 23 juny. Del 4 agost al 12 setembre. 31 octubre. 22, 23, 29 i 30 desembre. : Oberta de 7 a 14h.)",
          "correu_electr_nic": "www.applusiteuve.com",
          "web": ""
        },
        {
          "estaci": "L11",
          "denominaci": "Borges Blanques",
          "operador": "TuV-SUD",
          "adre_a": "c. Verdunes: Parcel.la 25: Pol. Ind. Les Verdunes",
          "cp": 25400,
          "municipi": "Borges Blanques, les",
          "codi_municipi": 250582,
          "tel_atenc_public": 973102046,
          "lat": 41507973,
          "long": 848644,
          "geocoded_column": "POINT (848644 41507973)",
          "localitzador_a_google_maps": "",
          "serveis_territorials": "Lleida",
          "horari_de_servei": "Dill. a div. de 8:30 a 13:30 i de 15:30 a 18:30: Dissab. 8:30 a 13:30",
          "correu_electr_nic": "itv-borges@tuv-sud.es"
        },
        {
          "estaci": "B26",
          "denominaci": "Sant Celoni",
          "operador": "TuV-SUD",
          "adre_a": "Carretera Gualba, 41-43",
          "cp": 8470,
          "municipi": "Sant Celoni",
          "codi_municipi": 82021,
          "tel_atenc_public": 931179070,
          "lat": 41695043,
          "long": 2504893,
          "geocoded_column": "POINT (2504893 41695043)",
          "localitzador_a_google_maps": "",
          "serveis_territorials": "Barcelona",
          "horari_de_servei": "DLL-DV: 06:00-21:00 , DS:07:00-14:00",
          "correu_electr_nic": "itv-stceloni@tuv-sud.es",
          "web": ""
        },
        {
          "estaci": "L06",
          "denominaci": "Solsona",
          "operador": "TuV-RHEINLAND",
          "adre_a": "Plaça de les Filadores, 5: Pol. Ind. \"Els Ametllers\"",
          "cp": 25280,
          "municipi": "Solsona",
          "codi_municipi": 252075,
          "tel_atenc_public": 973481669,
          "lat": 41990997,
          "long": 154423,
          "geocoded_column": "POINT (154423 41990997)",
          "localitzador_a_google_maps": "",
          "serveis_territorials": "Barcelona",
          "horari_de_servei": "De dilluns a divendres de 8h a 14h i de 15h a 17h",
          "correu_electr_nic": "l06@certio.com",
          "web": ""
        },
        {
          "estaci": "G02",
          "denominaci": "Celrà",
          "operador": "Revisions de Vehicles, S.A.",
          "adre_a": "Carrer de la Tramuntana 9",
          "cp": 17460,
          "municipi": "Celrà",
          "codi_municipi": 170499,
          "tel_atenc_public": 972492912,
          "lat": 42032915,
          "long": 2890031,
          "geocoded_column": "POINT (2890031 42032915)",
          "localitzador_a_google_maps": "",
          "serveis_territorials": "Girona",
          "horari_de_servei": "General 2025: de dl a dv de 7 a 19. Agost, (4 al 29) de dl a dv de 7 a 14:15. Desembre: 22, 23, 29 i 30 de 8 a 14 i de 15 a 17.",
          "correu_electr_nic": "https://www.controlautoitv.com/",
          "web": ""
        },
        {
          "estaci": "B22",
          "denominaci": "Sant Cugat",
          "operador": "TuV-RHEINLAND",
          "adre_a": "c. Amposta, 2: Pol. Ind. Sant Mamet",
          "cp": 8174,
          "municipi": "Sant Cugat del Vallès",
          "codi_municipi": 82055,
          "lat": 41480016,
          "long": 206332,
          "geocoded_column": "POINT (206332 41480016)",
          "localitzador_a_google_maps": "",
          "serveis_territorials": "Barcelona",
          "horari_de_servei": "De dilluns a divendres de 7h a 21. Dissabte de 8h a 14h",
          "correu_electr_nic": "b22@certio.com",
          "web": ""
        },
        {
          "estaci": "T05",
          "denominaci": "Montblanc",
          "operador": "APPLUS ITV",
          "adre_a": "Carretera TV-7042 P.K. 11,200 S/N",
          "cp": 43400,
          "municipi": "Montblanc",
          "codi_municipi": 430862,
          "tel_atenc_public": 902930200,
          "lat": 41364214,
          "long": 1163645,
          "geocoded_column": "POINT (1163645 41364214)",
          "localitzador_a_google_maps": "",
          "serveis_territorials": "Tarragona",
          "horari_de_servei": "De dilluns a divendres de 7 a 21'30h i dissabtes de 8 a 13h. (Els dies:2 i 3 gener.17 abril.2 maig.23,25,26 i 27 juny.De 4 agost a 14 setembre.31 octubre.5,22,23,29 i 30 desembre:Oberta de 7-14h)",
          "correu_electr_nic": "www.applusiteuve.com",
          "web": ""
        },
        {
          "estaci": "G06",
          "denominaci": "Palamós",
          "operador": "Revisions de Vehicles, S.A.",
          "adre_a": "Carrer Arnau sa Bruguera s/n",
          "cp": 17230,
          "municipi": "Palamós",
          "codi_municipi": 171181,
          "tel_atenc_public": 972492912,
          "lat": 41860148,
          "long": 3131805,
          "geocoded_column": "POINT (3131805 41860148)",
          "localitzador_a_google_maps": "",
          "serveis_territorials": "Girona",
          "horari_de_servei": "General 2025: de dilluns a divendres de 7 a 21. Dissabtes de 8 a 14. Gener: 2 i 3 de 8 a 18. Agost: del 4 al 29 de dilluns a divendres de 7 a 20:15. Desembre: 22, 23, 29 i 30 de de 8 a 18.",
          "correu_electr_nic": "https://controlautoitv.com/",
          "web": ""
        },
        {
          "estaci": "B03",
          "denominaci": "Viladecavalls",
          "operador": "TuV-RHEINLAND",
          "adre_a": "c. Joan Lluis Vives, s/n, Parcel·la 1, Pol.Ind. \"Can Trias\"",
          "cp": 8232,
          "municipi": "Viladecavalls",
          "codi_municipi": 83008,
          "tel_atenc_public": 937807555,
          "lat": 41560908,
          "long": 1977865,
          "geocoded_column": "POINT (1977865 41560908)",
          "localitzador_a_google_maps": "",
          "serveis_territorials": "Barcelona",
          "horari_de_servei": "De dilluns a divendres de 7h a 21h. Dissabte de 8h a 14h",
          "correu_electr_nic": "b03@certio.com",
          "web": ""
        },
        {
          "estaci": "B08",
          "denominaci": "Argentona",
          "operador": "APPLUS ITV",
          "adre_a": "Polígon EL CROS - ZONA INDUSTRIAL SECTOR SUD S/N",
          "cp": 8310,
          "municipi": "Argentona",
          "codi_municipi": 80095,
          "tel_atenc_public": 902930200,
          "lat": 41536412,
          "long": 2416264,
          "geocoded_column": "POINT (2416264 41536412)",
          "localitzador_a_google_maps": "",
          "serveis_territorials": "Barcelona",
          "horari_de_servei": "De dilluns a divendres de 6¿30 a 21h i dissabtes de 8 a 14h. (Els dies: De 14 a 17 abril. 2 maig. 23 juny. Del 4 agost al 12 setembre. 31 octubre. 22, 23, 29 i 30 desembre. : Oberta de 7 a 14h.)",
          "correu_electr_nic": "www.applusiteuve.com",
          "web": ""
        },
        {
          "estaci": "G05",
          "denominaci": "Puigcerdà",
          "operador": "APPLUS ITV",
          "adre_a": "Carrer DE LA ZONA INDUSTRIAL POL. IND. ZONA ESTACIÓ 2",
          "cp": 17520,
          "municipi": "Puigcerdà",
          "codi_municipi": 171411,
          "tel_atenc_public": 902930200,
          "lat": 42426348,
          "long": 1926391,
          "geocoded_column": "POINT (1926391 42426348)",
          "localitzador_a_google_maps": "",
          "serveis_territorials": "Lleida",
          "horari_de_servei": "De dimarts a dissabte, matins 8-14h i tardes 15-17h,i dilluns tancat. (Agost: de dimarts a divendres,matins 8-14h i tardes 15-17h,i dissabtes 8-14h)(Els dies: 2,9,23 i 30 agost : oberta de 8 a 14h)",
          "correu_electr_nic": "www.applusiteuve.com",
          "web": ""
        },
        {
          "estaci": "L07",
          "denominaci": "Artesa de Segre",
          "operador": "APPLUS ITV",
          "adre_a": "Carretera K 512 P.K. 0,900 D S/N",
          "cp": 25730,
          "municipi": "Artesa de Segre",
          "codi_municipi": 250349,
          "tel_atenc_public": 902930200,
          "lat": 4189709,
          "long": 1059282,
          "geocoded_column": "POINT (1059282 4189709)",
          "localitzador_a_google_maps": "",
          "serveis_territorials": "Lleida",
          "horari_de_servei": "De dill a div de 8-14h i 15-17h, i diss tancat. (D'1 a 31 agost: Oberta de dill a dij de 7-14'15h i div de 7-14h) (Els dies: 22,23,29 i 30 desembre: Oberta de 7-15h)",
          "correu_electr_nic": "www.applusiteuve.com",
          "web": ""
        },
        {
          "estaci": "B23",
          "denominaci": "BCN Caracas",
          "operador": "TuV-RHEINLAND",
          "adre_a": "c. Caracas, 10 B",
          "cp": 8030,
          "municipi": "Barcelona",
          "codi_municipi": 80193,
          "tel_atenc_public": 933457154,
          "lat": 41441284,
          "long": 2203403,
          "geocoded_column": "POINT (2203403 41441284)",
          "localitzador_a_google_maps": "",
          "serveis_territorials": "Barcelona",
          "horari_de_servei": "De dilluns a divendres de 7h a 21h. Dissabte de 8h a 14h",
          "correu_electr_nic": "b23@certio.com",
          "web": ""
        },
        {
          "estaci": "L02",
          "denominaci": "Lleida",
          "operador": "APPLUS ITV",
          "adre_a": "Carrer INGENIERO MIAS, PARC.508, POL. IND. SEGRE S/N",
          "cp": 25191,
          "municipi": "Lleida",
          "codi_municipi": 251207,
          "tel_atenc_public": 902930200,
          "lat": 41624654,
          "long": 66082,
          "geocoded_column": "POINT (66082 41624654)",
          "localitzador_a_google_maps": "",
          "serveis_territorials": "Lleida",
          "horari_de_servei": "(Gen-maig i ago-des:dill-div 7-21h)(Juny-jul:dill-div 6-21h)(Dissab. 8-13¿30h)(Els dies:14,15,16,17 i 22 abril.2 i 13 maig.23 juny.De 4 agost a 12 set.30 set. 31 oct.22,23,29 i 30 des.:Oberta 7 a 14h)",
          "correu_electr_nic": "www.applusiteuve.com",
          "web": ""
        },
        {
          "estaci": "B11",
          "denominaci": "Cornellà",
          "operador": "APPLUS ITV",
          "adre_a": "Passeig DE LA CAMPSA 64",
          "cp": 8940,
          "municipi": "Cornellà de Llobregat",
          "codi_municipi": 80734,
          "tel_atenc_public": 902930200,
          "lat": 41357138,
          "long": 2095921,
          "geocoded_column": "POINT (2095921 41357138)",
          "localitzador_a_google_maps": "",
          "serveis_territorials": "Barcelona",
          "horari_de_servei": "De dilluns a dijous de 7 a 22h, divendres de 7 a 21h i dissabtes de 9 a 14h. (Els dies: De 14 a 17 abril. 2 maig. 23 juny. Del 4 agost al 12 setemb. 31 octub. 22,23,29 i 30 desemb.: Oberta de 7 a 14h)",
          "correu_electr_nic": "www.applusiteuve.com",
          "web": ""
        },
        {
          "estaci": "B15",
          "denominaci": "Motors",
          "operador": "APPLUS ITV",
          "adre_a": "Carrer MOTORS 136",
          "cp": 8040,
          "municipi": "Barcelona",
          "codi_municipi": 80193,
          "tel_atenc_public": 902930200,
          "lat": 41351142,
          "long": 214644,
          "geocoded_column": "POINT (214644 41351142)",
          "localitzador_a_google_maps": "",
          "serveis_territorials": "Barcelona",
          "horari_de_servei": "De dilluns a dijous de 7 a 22h, divendres de 7 a 21h i dissabtes de 9 a 14h. (Els dies:De 14 a 17 abril. 2 maig. 23 juny. Del 4 agost al 12 setemb. 31 octub. 22,23,29 i 30 desemb. : Oberta de 7 a 14h)",
          "correu_electr_nic": "www.applusiteuve.com",
          "web": ""
        },
        {
          "estaci": "L10",
          "denominaci": "Pont de Suert",
          "operador": "ITEVELESA",
          "adre_a": "Parcel·la E1: Polígon Industrial Sores",
          "cp": 25520,
          "municipi": "Pont de Suert, el",
          "codi_municipi": 251734,
          "tel_atenc_public": 977079020,
          "lat": 42422029,
          "long": 736002,
          "geocoded_column": "POINT (736002 42422029)",
          "localitzador_a_google_maps": "",
          "serveis_territorials": "Lleida",
          "horari_de_servei": "De dilluns a divendres de 8h a 14h i de 15h a 17h.",
          "correu_electr_nic": "itv.elpontdesuert@itevelesa.com",
          "web": ""
        },
        {
          "estaci": "B04",
          "denominaci": "Osona",
          "operador": "Revisions de Vehicles, S.A.",
          "adre_a": "Carrer Sant Llorenç Desmunts 22",
          "cp": 8500,
          "municipi": "Vic",
          "codi_municipi": 82981,
          "tel_atenc_public": 937399191,
          "lat": 41949148,
          "long": 2280243,
          "geocoded_column": "POINT (2280243 41949148)",
          "localitzador_a_google_maps": "",
          "serveis_territorials": "Barcelona",
          "horari_de_servei": "General 2025: de dilluns a divendres de 7 a 21. Dissabtes de 8 a 14. Gener: 2 i 3 de 8 a 18. Agost: del 4 al 29 de dilluns a divendres de 7 a 15. Desembre: 22, 23, 29 i 30 de de 8 a 18.",
          "correu_electr_nic": "https://controlautoitv.com/",
          "web": ""
        },
        {
          "estaci": "G09",
          "denominaci": "Girona",
          "operador": "Revisions de Vehicles, S.A.",
          "adre_a": "Carrer Sarrià de Ter s/n",
          "cp": 17005,
          "municipi": "Girona",
          "codi_municipi": 170792,
          "tel_atenc_public": 972492912,
          "lat": 41963441,
          "long": 2804696,
          "geocoded_column": "POINT (2804696 41963441)",
          "localitzador_a_google_maps": "",
          "serveis_territorials": "Girona",
          "horari_de_servei": "General 2025: de dilluns a divendres de 7 a 21. Dissabtes de 8 a 14. Gener: 2 i 3 de 8 a 18. Agost: del 4 al 29 de dilluns a divendres de 7 a 15. Desembre: 22, 23, 29 i 30 de de 8 a 18.",
          "correu_electr_nic": "https://controlautoitv.com/",
          "web": ""
        },
        {
          "estaci": "L03",
          "denominaci": "Tremp",
          "operador": "APPLUS ITV",
          "adre_a": "Carretera COMARCAL 1412 KM. 54 S/N",
          "cp": 25620,
          "municipi": "Tremp",
          "codi_municipi": 252347,
          "tel_atenc_public": 902930200,
          "lat": 421622,
          "long": 90961,
          "geocoded_column": "POINT (90961 421622)",
          "localitzador_a_google_maps": "",
          "serveis_territorials": "Lleida",
          "horari_de_servei": "De dilluns a divendres, matins 8-14h i tardes 15-17h, i dissabtes tancat. (D'1 a 31 d'agost: Oberta de dilluns a dij de 7 a 14'15h i div de 7 a 14h) (Els dies 22,23,29 i 30 desemb: Oberta de 8 a 15h)",
          "correu_electr_nic": "www.applusiteuve.com",
          "web": ""
        },
        {
          "estaci": "T04",
          "denominaci": "Mora la Nova",
          "operador": "APPLUS ITV",
          "adre_a": "Polígon POL. IND. PARTIDA AUBALS CARRER D S/N",
          "cp": 43770,
          "municipi": "Móra la Nova",
          "codi_municipi": 430944,
          "tel_atenc_public": 902930200,
          "lat": 41105076,
          "long": 645727,
          "geocoded_column": "POINT (645727 41105076)",
          "localitzador_a_google_maps": "",
          "serveis_territorials": "Terres de l'Ebre",
          "horari_de_servei": "De dill a div de 8'30-14h i 16-18'30h, diss tancat. (Dies:De 14 a 17 abril.2 maig.23,25,26 i 27 juny.23 i 31 oct.9,10,11,12 i 19 desem:Oberta 7-15h)(De 5 agost a 14 setemb:Oberta de 7-14h)",
          "correu_electr_nic": "www.applusiteuve.com",
          "web": ""
        },
        {
          "estaci": "B19",
          "denominaci": "Àvila",
          "operador": "TuV-RHEINLAND",
          "adre_a": "Calle Ávila 130-134",
          "cp": 8018,
          "municipi": "Barcelona",
          "codi_municipi": 80193,
          "tel_atenc_public": 933092990,
          "lat": 41400287,
          "long": 2191192,
          "geocoded_column": "POINT (2191192 41400287)",
          "localitzador_a_google_maps": "",
          "serveis_territorials": "Barcelona",
          "horari_de_servei": "De dilluns a divendres de 7h a 21. Dissabte de 8h a 14h",
          "correu_electr_nic": "b19@certio.com",
          "web": ""
        },
        {
          "estaci": "B24",
          "denominaci": "Sabadell",
          "operador": "APPLUS ITV",
          "adre_a": "Carrer CAN CAMPS - POLÍGON CAN ROQUETA 1",
          "cp": 8200,
          "municipi": "Sabadell",
          "codi_municipi": 81878,
          "tel_atenc_public": 902930200,
          "lat": 41534279,
          "long": 2132535,
          "geocoded_column": "POINT (2132535 41534279)",
          "localitzador_a_google_maps": "",
          "serveis_territorials": "Barcelona",
          "horari_de_servei": "De dilluns a divendres de 7 a 21h i dissabtes de 8 a 14h. (Els dies: De 14 a 17 abril. 2 maig. 23 juny. Del 4 agost al 12 setembre. 31 octubre. 22, 23, 29 i 30 desembre. : Oberta de 7 a 14h.)",
          "correu_electr_nic": "www.applusiteuve.com",
          "web": ""
        },
        {
          "estaci": "T03",
          "denominaci": "Tortosa",
          "operador": "APPLUS ITV",
          "adre_a": "Polígon POL. IND. BAIX EBRE PARC. 81-84 S/N",
          "cp": 43500,
          "municipi": "Tortosa",
          "codi_municipi": 431554,
          "tel_atenc_public": 902930200,
          "lat": 40765372,
          "long": 55414,
          "geocoded_column": "POINT (55414 40765372)",
          "localitzador_a_google_maps": "",
          "serveis_territorials": "Terres de l'Ebre",
          "horari_de_servei": "De dilluns a divendres de 6'30 a 21'30h i dissab de 8 a 13h (Els dies: 2 i 3 gener. De 14 a 17 abril.2 maig. 23,25,26,27 i 30 juny.De 4 agost al 14 setemb.31 oct.22,23,29 i 30 desemb.: Oberta 7 a 14h)",
          "correu_electr_nic": "www.applusiteuve.com",
          "web": ""
        },
        {
          "estaci": "G04",
          "denominaci": "Olot",
          "operador": "Revisions de Vehicles, S.A.",
          "adre_a": "Carrer França s/n",
          "cp": 17800,
          "municipi": "Olot",
          "codi_municipi": 171143,
          "tel_atenc_public": 972492912,
          "lat": 4218958,
          "long": 2479758,
          "geocoded_column": "POINT (2479758 4218958)",
          "localitzador_a_google_maps": "",
          "serveis_territorials": "Girona",
          "horari_de_servei": "General 2025: dl a dv de 8 a 14 i de 15 a 19. Gener: 2 i 3: 8 a 14 i 15 a 17. Agost: del 4 al 29 de dl a dv de 7 a 14:15. Desembre: 22, 23, 29 i 30: 8 a 14 i de 15 a 17.",
          "correu_electr_nic": "https://controlautoitv.com/",
          "web": ""
        },
        {
          "estaci": "B14",
          "denominaci": "Diputació",
          "operador": "APPLUS ITV",
          "adre_a": "Carrer DIPUTACIÓ 158-160",
          "cp": 8011,
          "municipi": "Barcelona",
          "codi_municipi": 80193,
          "tel_atenc_public": 902930200,
          "lat": 41383509,
          "long": 2158162,
          "geocoded_column": "POINT (2158162 41383509)",
          "localitzador_a_google_maps": "",
          "serveis_territorials": "Barcelona",
          "horari_de_servei": "De dilluns a dijous de 7 a 22h, divendres de 7 a 21h i dissabtes de 9 a 14h. (Els dies:De 14 a 17 abril. 2 maig. 23 juny. Del 4 agost al 12 setemb. 31 octub. 22,23,29 i 30 desemb.: Oberta de  7 a 14h)",
          "correu_electr_nic": "www.applusiteuve.com",
          "web": ""
        },
        {
          "estaci": "T08",
          "denominaci": "Amposta",
          "operador": "TuV-SUD",
          "adre_a": "c. Po, 18: Polígon Industrial L’Oriola",
          "cp": 43870,
          "municipi": "Amposta",
          "codi_municipi": 430141,
          "tel_atenc_public": 977087243,
          "lat": 40688064,
          "long": 579809,
          "geocoded_column": "POINT (579809 40688064)",
          "localitzador_a_google_maps": "",
          "serveis_territorials": "Terres de l'Ebre",
          "horari_de_servei": "Dill. a div. de 8:30 a 13:30 i de 15:30 a 18:30: Dissab. 8:30 a 13:30",
          "correu_electr_nic": "itv-amposta@tuv-sud.es"
        },
        {
          "estaci": "B09",
          "denominaci": "Olèrdola",
          "operador": "APPLUS ITV",
          "adre_a": "Avinguda HOSTAL NOU S/N",
          "cp": 8734,
          "municipi": "Olèrdola",
          "codi_municipi": 81458,
          "tel_atenc_public": 902930200,
          "lat": 41357229,
          "long": 173028,
          "geocoded_column": "POINT (173028 41357229)",
          "localitzador_a_google_maps": "",
          "serveis_territorials": "Barcelona",
          "horari_de_servei": "De dilluns a dijous de 7 a 22h, divendres de 7 a 21h i dissabtes de 9 a 14h. (Els dies:De 14 a 17 abril. 2 maig. 23 juny. Del 4 agost al 12 setemb. 31 octub. 22,23,29 i 30 desemb. : Oberta de 7 a 14h)",
          "correu_electr_nic": "www.applusiteuve.com",
          "web": ""
        },
        {
          "estaci": "L08",
          "denominaci": "Vielha",
          "operador": "APPLUS ITV",
          "adre_a": "Carretera DE VIELHA A BOSSOST KM. 164,00 S/N",
          "cp": 25555,
          "municipi": "Vielha e Mijaran",
          "codi_municipi": 252430,
          "tel_atenc_public": 902930200,
          "lat": 42712861,
          "long": 797632,
          "geocoded_column": "POINT (797632 42712861)",
          "localitzador_a_google_maps": "",
          "serveis_territorials": "Lleida",
          "horari_de_servei": "De dill a div de 8-13'30h i 14'30-17~h, i diss tancat. (D'1 a 31 agost: Oberta de dill a dij de 7-14'15h i div de 7-14h) (Els dies: 22,23,29 i 30 desembre: Oberta de 8-15h)",
          "correu_electr_nic": "www.applusiteuve.com",
          "web": ""
        },
        {
          "estaci": "B05",
          "denominaci": "Sant Just Desvern",
          "operador": "APPLUS ITV",
          "adre_a": "Avinguda DE LA RIERA - POL. IND. NÚM. 1 19-21",
          "cp": 8960,
          "municipi": "Sant Just Desvern",
          "codi_municipi": 82212,
          "tel_atenc_public": 902930200,
          "lat": 41384595,
          "long": 20618,
          "geocoded_column": "POINT (20618 41384595)",
          "localitzador_a_google_maps": "",
          "serveis_territorials": "Barcelona",
          "horari_de_servei": "De dilluns a dijous de 7 a 22h, divendres de 7 a 21h i dissabtes de 9 a 14h. (Els dies:De 14 a 17 abril.2 maig.23 juny.De 4 agost al 12 setemb.31 octub.22, 23, 29 i 30 desembre. : Oberta de 7 a  14h)",
          "correu_electr_nic": "www.applusiteuve.com",
          "web": ""
        },
        {
          "estaci": "L04",
          "denominaci": "Montferrer",
          "operador": "TuV-RHEINLAND",
          "adre_a": "Ctra. N-260, Km. 230,5: \"Eix Pirenenc\" de Puigcerdà a Sabiñànigo",
          "cp": 25711,
          "municipi": "Montferrer i Castellbò",
          "codi_municipi": 251403,
          "tel_atenc_public": 937351654,
          "lat": 42346625,
          "long": 1429275,
          "geocoded_column": "POINT (1429275 42346625)",
          "localitzador_a_google_maps": "",
          "serveis_territorials": "Lleida",
          "horari_de_servei": "De dilluns a divendres de 8h a 14h i de 15h a 17h",
          "correu_electr_nic": "l04@certio.com",
          "web": ""
        },
        {
          "estaci": "T07",
          "denominaci": "Baix Penedès",
          "operador": "ITEVELESA",
          "adre_a": "Sector 8, C/V3, Parcel·les 21-22-23: Polígon Industrial Els Massets",
          "cp": 43719,
          "municipi": "Bellvei",
          "codi_municipi": 430249,
          "tel_atenc_public": 977079020,
          "lat": 41229744,
          "long": 1553195,
          "geocoded_column": "POINT (1553195 41229744)",
          "localitzador_a_google_maps": "",
          "serveis_territorials": "Tarragona",
          "horari_de_servei": "De dilluns a divendres de 7h a 21h. Dissabtes de 8:30h a 13:30h",
          "correu_electr_nic": "itv.bellvei@itevelesa.com",
          "web": ""
        },
        {
          "estaci": "B20",
          "denominaci": "CIM Vallès",
          "operador": "TuV-RHEINLAND",
          "adre_a": "c. Pont Vell, s/n. Parc. 13: Zona A: Centre Integral de Mercaderies: Pol. Ind. \"Les Minetes\"",
          "cp": 8130,
          "municipi": "Santa Perpètua de Mogoda",
          "codi_municipi": 82606,
          "tel_atenc_public": 935602688,
          "lat": 41537387,
          "long": 2189371,
          "geocoded_column": "POINT (2189371 41537387)",
          "localitzador_a_google_maps": "",
          "serveis_territorials": "Barcelona",
          "horari_de_servei": "De dilluns a divendres de 7h a 21h. Dissabtes de 8h a 14h",
          "correu_electr_nic": "b20@certio.com",
          "web": ""
        },
        {
          "estaci": "B18",
          "denominaci": "Granollers",
          "operador": "APPLUS ITV",
          "adre_a": "Avinguda SANT JULIÀ - POL. IND. EL CONGOST 253-255",
          "cp": 8400,
          "municipi": "Granollers",
          "codi_municipi": 80961,
          "tel_atenc_public": 902930200,
          "lat": 4157743,
          "long": 2273602,
          "geocoded_column": "POINT (2273602 4157743)",
          "localitzador_a_google_maps": "",
          "serveis_territorials": "Barcelona",
          "horari_de_servei": "De dilluns a divendres de 6¿30 a 21h i dissabtes de 8 a 14h. (Els dies:De 14 a 17 abril. 2 maig. De 4 agost al 12 setembre. 31 octubre. 22, 23, 29 i 30 desembre. : Oberta de 7 a 14h)",
          "correu_electr_nic": "www.applusiteuve.com",
          "web": ""
        },
        {
          "estaci": "G08",
          "denominaci": "Ripoll",
          "operador": "Revisions de Vehicles, S.A.",
          "adre_a": "Passeig d'Ordina s/n",
          "cp": 17500,
          "municipi": "Ripoll",
          "codi_municipi": 171479,
          "tel_atenc_public": 972492912,
          "lat": 42200316,
          "long": 2186197,
          "geocoded_column": "POINT (2186197 42200316)",
          "localitzador_a_google_maps": "",
          "serveis_territorials": "Girona",
          "horari_de_servei": "General 2025, dl a dv de 8 a 14 i de 15 a 17. Agost:(4 al 29) de dl a dv de 7 a 14:15.",
          "correu_electr_nic": "https://www.citaprevia.cat/",
          "web": ""
        },
        {
          "estaci": "B13",
          "denominaci": "Berga",
          "operador": "TuV-RHEINLAND",
          "adre_a": "Camí de St. Bartomeu, s/n, Parcel.la 1: Pol. Ind. \"La Valldan\"",
          "cp": 8600,
          "municipi": "Berga",
          "codi_municipi": 80229,
          "tel_atenc_public": 938222011,
          "lat": 42089542,
          "long": 1828489,
          "geocoded_column": "POINT (1828489 42089542)",
          "localitzador_a_google_maps": "",
          "serveis_territorials": "Barcelona",
          "horari_de_servei": "De dilluns a divendres de 8h a 14h i de 15h a 17h",
          "correu_electr_nic": "b13@certio.com",
          "web": ""
        },
        {
          "estaci": "T02",
          "denominaci": "Reus",
          "operador": "APPLUS ITV",
          "adre_a": "Carretera VALENCIA-TARRAGONA KM. 1155,14 S/N",
          "cp": 43206,
          "municipi": "Reus",
          "codi_municipi": 431233,
          "tel_atenc_public": 902930200,
          "lat": 41114431,
          "long": 1164596,
          "geocoded_column": "POINT (1164596 41114431)",
          "localitzador_a_google_maps": "",
          "serveis_territorials": "Tarragona",
          "horari_de_servei": "De dill. a div. de 6 a 14h i 14'30 a 21'30h i dissab. de 8 a 13h (Els dies:2 i 5 gener.16,17 i 30 abril.2 maig.23,25,26 i 27 juny.De 4 agost al 12 set.26 set.31 oct.22,23,29 i 30 des.:Oberta 7 a 14h)",
          "correu_electr_nic": "www.applusiteuve.com",
          "web": ""
        },
        {
          "estaci": "L09",
          "denominaci": "Sort",
          "operador": "APPLUS ITV",
          "adre_a": "Carretera N-260 P.K. 284,200 S/N",
          "cp": 25560,
          "municipi": "Sort",
          "codi_municipi": 252094,
          "tel_atenc_public": 902930200,
          "lat": 4238009,
          "long": 1111185,
          "geocoded_column": "POINT (1111185 4238009)",
          "localitzador_a_google_maps": "",
          "serveis_territorials": "Lleida",
          "horari_de_servei": "De dill a div de 8-13'30h i 14'30-17h, i diss tancat. (D'1 a 31 agost: Oberta de dill a dij de 7-14'15h i div de 7-14h) (Els dies: 22,23,29 i 30 desembre: Oberta de 8-15h)",
          "correu_electr_nic": "www.applusiteuve.com",
          "web": ""
        },
        {
          "estaci": "G03",
          "denominaci": "Vilamalla",
          "operador": "Revisions de Vehicles, S.A.",
          "adre_a": "Carrer Castelló s/n",
          "cp": 17469,
          "municipi": "Vilamalla",
          "codi_municipi": 172266,
          "tel_atenc_public": 972492912,
          "lat": 42225825,
          "long": 2983268,
          "geocoded_column": "POINT (2983268 42225825)",
          "localitzador_a_google_maps": "",
          "serveis_territorials": "Girona",
          "horari_de_servei": "General 2025: dl a dv de 7 a 21. Dissabtes de 8 a 14. Gener: 2 i 3: 8 a 18. Agost: del 4 al 29 de dl a dv de 7 a 15:00. Desembre: 22, 23, 29 i 30: 8 a 18.",
          "correu_electr_nic": "https://controlautoitv.com/",
          "web": ""
        },
        {
          "estaci": "B25",
          "denominaci": "Sant Fruitós",
          "operador": "ITEVELESA",
          "adre_a": "c. Les Malloles, P-C7a: Polígon Industrial El Grau",
          "cp": 8272,
          "municipi": "Sant Fruitós de Bages",
          "codi_municipi": 82135,
          "tel_atenc_public": 977079020,
          "lat": 417404,
          "long": 1858494,
          "geocoded_column": "POINT (1858494 417404)",
          "localitzador_a_google_maps": "",
          "serveis_territorials": "Barcelona",
          "horari_de_servei": "De dilluns a divendres de 7h a 21h. Dissabtes de 8:30h a 13:30h",
          "correu_electr_nic": "itv.santfruitos@itevelesa.com",
          "web": ""
        },
        {
          "estaci": "B10",
          "denominaci": "Puigmadrona",
          "operador": "APPLUS ITV",
          "adre_a": "Passatge PUIGMADRONA 9-15",
          "cp": 8026,
          "municipi": "Barcelona",
          "codi_municipi": 80193,
          "tel_atenc_public": 902930200,
          "lat": 41411428,
          "long": 218495,
          "geocoded_column": "POINT (218495 41411428)",
          "localitzador_a_google_maps": "",
          "serveis_territorials": "Barcelona",
          "horari_de_servei": "De dilluns a divendres de 7 a 21h i dissabtes de 8 a 14h. (Els dies: De 14 a 17 abril. 2 maig. 23 juny. Del 4 agost al 12 setembre. 31 octubre. 22, 23, 29 i 30 desembre. : Oberta de 7 a 14h.)",
          "correu_electr_nic": "www.applusiteuve.com",
          "web": ""
        },
        {
          "estaci": "L05",
          "denominaci": "Granyanella",
          "operador": "APPLUS ITV",
          "adre_a": "Carretera N-II P.K. 512,7 S/N",
          "cp": 25218,
          "municipi": "Granyanella",
          "codi_municipi": 251039,
          "tel_atenc_public": 902930200,
          "lat": 41661686,
          "long": 1201793,
          "geocoded_column": "POINT (1201793 41661686)",
          "localitzador_a_google_maps": "",
          "serveis_territorials": "Lleida",
          "horari_de_servei": "(Gen-maig i ago-des:dill-div 7-21h)(Juny-jul:dill-div 6-21h)(Dissabtes 8-13¿30h)(Els dies: 16,17,22 i 23 abril. 2 maig. 23 juny. De 4 agost al 12 setem. 22,23,29 i 30 desemb.: Oberta de 7 a 14h)",
          "correu_electr_nic": "www.applusiteuve.com",
          "web": ""
        },
        {
          "estaci": "G07",
          "denominaci": "Blanes",
          "operador": "Revisions de Vehicles, S.A.",
          "adre_a": "Avinguda de l¿estació 47",
          "cp": 17300,
          "municipi": "Blanes",
          "codi_municipi": 170237,
          "tel_atenc_public": 972492912,
          "lat": 41675735,
          "long": 2777621,
          "geocoded_column": "POINT (2777621 41675735)",
          "localitzador_a_google_maps": "",
          "serveis_territorials": "Girona",
          "horari_de_servei": "General 2025: de dilluns a divendres de 7 a 21. Dissabtes de 8 a 14. Gener: 2 i 3 de 8 a 18. Agost: del 4 al 29 de dilluns a divendres de 7 a 15. Desembre: 22, 23, 29 i 30 de de 8 a 18.",
          "correu_electr_nic": "https://controlautoitv.com/",
          "web": ""
        },
        {
          "estaci": "B21",
          "denominaci": "Sant Andreu",
          "operador": "APPLUS ITV",
          "adre_a": "Carretera N-II P.K. 592,5 s/n",
          "cp": 8740,
          "municipi": "Sant Andreu de la Barca",
          "codi_municipi": 81960,
          "tel_atenc_public": 902930200,
          "lat": 41461042,
          "long": 1958902,
          "geocoded_column": "POINT (1958902 41461042)",
          "localitzador_a_google_maps": "",
          "serveis_territorials": "Barcelona",
          "horari_de_servei": "De dilluns a dijous de 7 a 22h, divendres de 7 a 21h i dissabtes de 9 a 14h. (Els dies: De 14 a 17 abril. 2 maig. 23 juny. Del 4 agost al 12 setemb. 31 octub. 22,23,29 i 30 desemb.: Oberta de 7 a 14h)",
          "correu_electr_nic": "www.applusiteuve.com",
          "web": ""
        },
        {
          "estaci": "B06",
          "denominaci": "Manresa",
          "operador": "TuV-RHEINLAND",
          "adre_a": "c. Esteve Terrades, 2-4: Pol.Ind. \"Bufalvent\"",
          "cp": 80242,
          "municipi": "Manresa",
          "codi_municipi": 81136,
          "tel_atenc_public": 938745111,
          "lat": 41714116,
          "long": 1844852,
          "geocoded_column": "POINT (1844852 41714116)",
          "localitzador_a_google_maps": "",
          "serveis_territorials": "Barcelona",
          "horari_de_servei": "De dilluns a divendres de 7h a 21h. Dissabte de 8h a 14h",
          "correu_electr_nic": "b06@certio.com",
          "web": ""
        },
        {
          "estaci": "T06",
          "denominaci": "Tarragona",
          "operador": "APPLUS ITV",
          "adre_a": "Camí DE LA BUDELLERA S/N",
          "cp": 43007,
          "municipi": "Tarragona",
          "codi_municipi": 431482,
          "tel_atenc_public": 902930200,
          "lat": 41124588,
          "long": 1274854,
          "geocoded_column": "POINT (1274854 41124588)",
          "localitzador_a_google_maps": "",
          "serveis_territorials": "Tarragona",
          "horari_de_servei": "De dilluns a divendres 6-14h i 14'30-21'30h i dissabt 8'30-13'30h. (Dies:2 i 3 gener.De 14 a 17 abril.2 maig.23 juny.De 4 agost a 14 setemb.22 setemb.9,10,11,12,22,23,29 i 30 desemb:Oberta de 7 a 14h)",
          "correu_electr_nic": "www.applusiteuve.com",
          "web": ""
        },
        {
          "estaci": "B17",
          "denominaci": "Vilanova",
          "operador": "APPLUS ITV",
          "adre_a": "Ronda EUROPA S/N",
          "cp": 8800,
          "municipi": "Vilanova i la Geltrú",
          "codi_municipi": 83073,
          "tel_atenc_public": 902930200,
          "lat": 4122158,
          "long": 1739638,
          "geocoded_column": "POINT (1739638 4122158)",
          "localitzador_a_google_maps": "",
          "serveis_territorials": "Barcelona",
          "horari_de_servei": "De dilluns a dijous de 7 a 22h, divendres de 7 a 21h i dissabtes de 9 a 14h. (Els dies:7 febrer. De 14 a 17 abril. 2 maig.23 juny.De 4 agost al 12 set. 31 oct. 22,23,29 i 30 desemb.:Oberta de 7 a 14h)",
          "correu_electr_nic": "www.applusiteuve.com",
          "web": ""
        }
]